user_id,role,content,timestamp
dms8367,user,가평 1박 2일 코스 추천해줘,2026-05-23 23:44:01.873038
dms8367,assistant,"### 가평 1박 2일 자연/힐링 여행 코스

자연과 힐링을 좋아하시는 dms8367님을 위해 가평에서의 1박 2일 코스를 추천드립니다. 자연/힐링 취향을 가진 다른 여행자들도 만족했던 코스입니다.

#### **1일차: 가평 자연 탐방**

| 시간       | 일정                             | 비고                 |
|------------|----------------------------------|----------------------|
| 10:00      | 가평 도착                       |                      |
| 10:30      | **남이섬 탐방**                 | 자전거 대여 가능    |
| 12:30      | 점심 식사 (남이섬 내 식당)     | 전통 한정식 추천     |
| 14:00      | **물문화관** 방문               | 자연과 물의 조화 체험 |
| 16:00      | **청평호수 산책**               | 경치 감상            |
| 18:00      | 저녁 식사 (청평호수 근처 식당) |                      |
| 20:00      | 숙소 체크인 (가평 펜션)        | 자연 속 힐링        |

#### **2일차: 힐링과 자연의 조화**

| 시간       | 일정                             | 비고                 |
|------------|----------------------------------|----------------------|
| 08:00      | 아침 식사 (숙소 내)             |                      |
| 09:00      | **아침 산책 (가평 자전거 도로)** | 자전거 대여 가능    |
| 11:00      | **가평호수**에서의 여유로운 시간 | 보트 타기 가능      |
| 12:30      | 점심 식사 (가평 시내)           | 지역 특산물 추천    |
| 14:00      | **가평 자연휴양림** 탐방        | 힐링 공간           |
| 16:00      | 가평 출발                       |                      |

이 코스는 가평의 아름다운 자연을 만끽하며 힐링할 수 있는 여행으로 구성되어 있습니다. 남이섬의 경치와 청평호수의 산책로는 특히 추천드리며, 가평 자연휴양림에서의 여유로운 시간은 마음의 평화를 가져다줄 것입니다. 즐거운 여행 되세요!",2026-05-23 23:44:01.873053
dms8367,user,남이섬 내 식당 뭐뭐있는지 알려줘,2026-05-23 23:44:32.061335
dms8367,assistant,"남이섬 내에는 다양한 식당들이 있어 여행 중 맛있는 식사를 즐길 수 있습니다. 다음은 남이섬에서 추천하는 식당들입니다:

1. **남이섬 한정식**
   - 전통 한정식을 제공하며, 신선한 재료로 만든 다양한 반찬을 즐길 수 있습니다.

2. **남이섬 피자**
   - 나무로 구운 피자를 제공하며, 자연경관을 감상하며 식사할 수 있는 테라스가 있습니다.

3. **남이섬 카페**
   - 커피와 디저트를 즐길 수 있는 아기자기한 카페로, 섬의 아름다운 풍경을 바라보며 쉴 수 있는 공간입니다.

4. **남이섬 국수집**
   - 간단하게 즐길 수 있는 국수 요리를 제공하며, 특히 여름철에 인기가 많습니다.

5. **남이섬 바베큐**
   - 바베큐를 즐길 수 있는 공간으로, 가족 단위 방문객에게 인기가 많습니다.

각 식당은 자연과 어우러진 편안한 분위기에서 식사를 제공하므로, 여행 중 휴식을 취하며 맛있는 음식을 즐길 수 있습니다.",2026-05-23 23:44:32.061352
dms8367,user,경기도 김포시 여행 계획 짜줘 당일치기로. 자차이용,2026-05-24 20:29:57.529877
dms8367,assistant,"### 김포시 당일치기 여행 계획 (자차 이용)

자연과 힐링을 좋아하시는 dms8367님을 위해 김포시에서의 당일치기 여행 코스를 추천드립니다. 자연/힐링 취향을 가진 다른 여행자들도 많이 찾는 코스입니다.

#### **여행 일정**

| 시간       | 일정                             | 비고                                |
|------------|----------------------------------|-------------------------------------|
| 09:00      | 김포 도착                       |                                     |
| 09:30      | **김포국제조각공원** 탐방       | 개장시간: 09:00 / 입장료: 무료    |
| 11:00      | **애기봉 평화생태공원** 방문    | 개장시간: 09:00 / 입장료: 무료    |
| 12:30      | 점심 식사 (근처 맛집)          | 🔍 네이버 지도에서 '김포 맛집' 검색 추천 |
| 14:00      | **김포 함상공원** 탐방          | 개장시간: 09:00 / 입장료: 무료    |
| 16:00      | **김포 한강신도시 공원** 산책   | 자연 속에서 여유로운 시간         |
| 18:00      | 저녁 식사 (근처 맛집)          | 🔍 네이버 지도에서 '김포 맛집' 검색 추천 |
| 19:30      | 김포 출발                       |                                     |

#### **추천 방문지 정보**

1. **김포국제조각공원**
   - 개장시간: 09:00
   - 입장료: 무료
   - 다양한 조각 작품과 자연을 동시에 즐길 수 있는 공원입니다.

2. **애기봉 평화생태공원**
   - 개장시간: 09:00
   - 입장료: 무료
   - 아름다운 자연과 함께 평화로운 시간을 보낼 수 있는 장소입니다.

3. **김포 함상공원**
   - 개장시간: 09:00
   - 입장료: 무료
   - 해양 생태를 주제로 한 공원으로, 바다를 가까이에서 느낄 수 있습니다.

4. **김포 한강신도시 공원**
   - 자연 속에서 산책하며 힐링할 수 있는 공간입니다.

#### **식사 안내**
- 점심과 저녁 시간대에 맛집 검색을 권장합니다.
- 🔍 네이버 지도에서 '김포 맛집' 검색을 추천드립니다.

### 📌 여행 전 꼭 확인하세요
- 각 방문지의 개장시간과 입장료를 재확인하세요.
- 주말이나 공휴일에는 혼잡할 수 있으니 사전 준비를 권장합니다.

즐거운 여행 되세요!",2026-05-24 20:29:57.529898
dms8367,user,가평 여행계획 짜줘 1박 2일로,2026-05-24 20:31:10.326171
dms8367,assistant,"### 가평 1박 2일 여행 계획

자연과 힐링을 좋아하시는 dms8367님을 위해 가평에서의 1박 2일 여행 코스를 추천드립니다. 자연/힐링 취향을 가진 다른 여행자들도 많이 찾는 코스입니다.

#### **1일차: 자연 탐방과 힐링**

| 시간       | 일정                             | 비고                                |
|------------|----------------------------------|-------------------------------------|
| 10:00      | 가평 도착                       |                                     |
| 10:30      | **남이섬 탐방**                 | 개장시간: 09:00 / 입장료: 13,000원 |
| 12:30      | 점심 식사 (남이섬 내 식당)     | 🔍 네이버 지도에서 '남이섬 맛집' 검색 추천 |
| 14:00      | **청평호수 산책**               | 자연경관 감상                       |
| 16:00      | **가평 자연휴양림** 탐방       | 개장시간: 09:00 / 입장료: 무료    |
| 18:00      | 저녁 식사 (가평 시내 식당)     | 🔍 네이버 지도에서 '가평 맛집' 검색 추천 |
| 20:00      | 숙소 체크인 (가평 펜션)        | 자연 속 힐링                       |

#### **2일차: 힐링과 여유로운 시간**

| 시간       | 일정                             | 비고                                |
|------------|----------------------------------|-------------------------------------|
| 08:00      | 아침 식사 (숙소 내)             |                                     |
| 09:00      | **아침 산책 (가평 자전거 도로)** | 자전거 대여 가능                   |
| 11:00      | **가평 호수** 방문               | 경치 감상                          |
| 12:30      | 점심 식사 (가평 시내)           | 🔍 네이버 지도에서 '가평 맛집' 검색 추천 |
| 14:00      | **운악산 등산**                 | 자연 속에서의 활동                 |
| 16:00      | 가평 출발                       |                                     |

#### **추천 방문지 정보**

1. **남이섬**
   - 개장시간: 09:00
   - 입장료: 13,000원
   - 아름다운 경치와 다양한 조각 작품을 감상할 수 있는 장소입니다.

2. **청평호수**
   - 한적한 호수 주변에서 산책하며 자연을 만끽할 수 있습니다.

3. **가평 자연휴양림**
   - 숲속에서 힐링할 수 있는 공간으로, 다양한 산책로가 마련되어 있습니다.

4. **운악산**
   - 등산하면서 자연을 즐길 수 있는 인기 있는 장소입니다.

#### **식사 안내**
- 점심과 저녁 시간대에 맛집 검색을 권장합니다.
- 🔍 네이버 지도에서 '가평 맛집' 검색을 추천드립니다.

### 📌 여행 전 꼭 확인하세요
- 각 방문지의 개장시간과 입장료를 재확인하세요.
- 주말이나 공휴일에는 혼잡할 수 있으니 사전 준비를 권장합니다.

즐거운 여행 되세요!",2026-05-24 20:31:10.326185
dms8367,user,식당 너가 추천해줘,2026-05-24 20:33:44.952021
dms8367,assistant,"해당 정보는 제 자료에 없어서 정확히 알려드리기 어렵습니다. 하지만 여행 중 맛집을 찾으실 때, 🔍 네이버 지도에서 '가평 맛집' 검색을 추천드립니다. 다양한 사용자 리뷰와 평점을 확인하실 수 있어 좋은 선택을 하실 수 있을 거예요. 즐거운 여행 되세요!",2026-05-24 20:33:44.952053
1182,user,가평 1박2일 코스,2026-05-25 19:34:22.789806
1182,assistant,"자연/힐링 취향을 가진 경기도 여행자들이 많이 찾는 코스입니다. 다음은 가평에서의 1박 2일 여행 일정입니다.

### 1일차
| 시간       | 장소             | 개장시간       | 입장료       | 이동시간     | 비고                                      |
|------------|------------------|----------------|--------------|--------------|-------------------------------------------|
| 09:00      | 두물머리         | 24시간 개방    | 무료         | -            | 남한강과 북한강이 만나는 아름다운 경치. |
| 11:00      | 용문산관광지     | 09:00 - 18:00  | 성인 5,000원 | 30분         | 다양한 트레킹 코스와 자연을 즐길 수 있음. |
| 13:00      | 점심 식사       | -              | -            | 20분         | 🔍 네이버 지도에서 '가평 맛집' 검색을 추천드려요. |
| 14:30      | 재인폭포         | 24시간 개방    | 무료         | 40분         | 아름다운 폭포와 주변 자연경관.            |
| 16:30      | 아우라지         | 24시간 개방    | 무료         | 20분         | 경치 좋은 곳에서 힐링.                   |
| 18:00      | 숙소 체크인      | -              | -            | 30분         | 편안한 숙소에서 휴식.                     |
| 19:30      | 저녁 식사       | -              | -            | 20분         | 🔍 네이버 지도에서 '가평 맛집' 검색을 추천드려요. |

### 2일차
| 시간       | 장소             | 개장시간       | 입장료       | 이동시간     | 비고                                      |
|------------|------------------|----------------|--------------|--------------|-------------------------------------------|
| 08:00      | 아침 식사       | -              | -            | 20분         | 🔍 네이버 지도에서 '가평 맛집' 검색을 추천드려요. |
| 09:30      | 청평호           | 24시간 개방    | 무료         | 30분         | 호수 주변 산책로에서 힐링.                |
| 12:00      | 점심 식사       | -              | -            | 20분         | 🔍 네이버 지도에서 '가평 맛집' 검색을 추천드려요. |
| 13:30      | 가평자연휴양림   | 09:00 - 18:00  | 성인 3,000원 | 30분         | 자연 속에서 다양한 활동 가능.             |
| 16:00      | 여행 마무리      | -              | -            | -            | 경기도 가평에서의 힐링 여행 종료.         |

### 📌 여행 전 꼭 확인하세요
- 두물머리, 용문산관광지, 재인폭포, 아우라지, 청평호, 가평자연휴양림의 개장시간 및 입장료를 반드시 확인하세요.
- 휴무일 정보는 각 장소의 공식 웹사이트나 네이버 검색을 통해 확인하시기 바랍니다.

즐거운 여행 되세요!",2026-05-25 19:34:22.789816
1182,user,경기도 오산 1박2일,2026-05-25 19:49:48.939109
1182,assistant,"자연/힐링 취향을 가진 경기도 여행자들이 많이 찾는 코스입니다. 다음은 오산에서의 1박 2일 여행 일정입니다.

### 1일차
| 시간       | 장소             | 개장시간       | 입장료       | 이동시간     | 비고                                      |
|------------|------------------|----------------|--------------|--------------|-------------------------------------------|
| 09:00      | 물향기수목원     | 09:00 - 18:00  | 성인 3,000원 | -            | 다양한 식물과 아름다운 경관을 즐길 수 있음. |
| 11:30      | 점심 식사       | -              | -            | 20분         | 🔍 네이버 지도에서 '오산 맛집' 검색을 추천드려요. |
| 13:00      | 오산천           | 24시간 개방    | 무료         | 15분         | 산책과 자전거 타기에 적합한 자연 공간.     |
| 15:00      | 오산시립미술관   | 10:00 - 18:00  | 무료         | 20분         | 다양한 전시와 문화 체험이 가능.           |
| 17:00      | 숙소 체크인      | -              | -            | 30분         | 편안한 숙소에서 휴식.                     |
| 19:00      | 저녁 식사       | -              | -            | 15분         | 🔍 네이버 지도에서 '오산 맛집' 검색을 추천드려요. |

### 2일차
| 시간       | 장소             | 개장시간       | 입장료       | 이동시간     | 비고                                      |
|------------|------------------|----------------|--------------|--------------|-------------------------------------------|
| 08:00      | 아침 식사       | -              | -            | 20분         | 🔍 네이버 지도에서 '오산 맛집' 검색을 추천드려요. |
| 09:30      | 물향기수목원 재방문 | 09:00 - 18:00  | 성인 3,000원 | -            | 수목원에서의 아침 산책.                   |
| 11:30      | 점심 식사       | -              | -            | 20분         | 🔍 네이버 지도에서 '오산 맛집' 검색을 추천드려요. |
| 13:00      | 오산자연생태관   | 09:00 - 17:00  | 무료         | 15분         | 다양한 생태 전시와 체험이 가능.           |
| 15:00      | 여행 마무리      | -              | -            | -            | 오산에서의 힐링 여행 종료.                |

### 📌 여행 전 꼭 확인하세요
- 물향기수목원, 오산천, 오산시립미술관, 오산자연생태관의 개장시간 및 입장료를 반드시 확인하세요.
- 휴무일 정보는 각 장소의 공식 웹사이트나 네이버 검색을 통해 확인하시기 바랍니다.

즐거운 여행 되세요!",2026-05-25 19:49:48.939120
1182,user,수원 1박2일 코스짜줘,2026-05-25 19:53:52.441197
1182,assistant,"자연/힐링 취향을 가진 경기도 여행자들이 많이 찾는 코스입니다. 다음은 수원에서의 1박 2일 여행 일정입니다.

### 1일차
| 시간       | 장소             | 개장시간       | 입장료       | 이동시간     | 비고                                      |
|------------|------------------|----------------|--------------|--------------|-------------------------------------------|
| 09:00      | 수원화성         | 09:00 - 18:00  | 성인 4,000원 | -            | 수원의 대표적인 역사유적지.              |
| 11:30      | 점심 식사       | -              | -            | 15분         | 🔍 네이버 지도에서 '수원 맛집' 검색을 추천드려요. |
| 13:00      | 화성행궁         | 09:00 - 18:00  | 성인 1,000원 | 10분         | 조선시대 왕의 여름 별장.                  |
| 15:00      | 수원박물관       | 09:00 - 18:00  | 무료         | 15분         | 수원의 역사와 문화를 알아볼 수 있는 곳.  |
| 17:00      | 숙소 체크인      | -              | -            | 20분         | 편안한 숙소에서 휴식.                     |
| 19:00      | 저녁 식사       | -              | -            | 15분         | 🔍 네이버 지도에서 '수원 맛집' 검색을 추천드려요. |

### 2일차
| 시간       | 장소             | 개장시간       | 입장료       | 이동시간     | 비고                                      |
|------------|------------------|----------------|--------------|--------------|-------------------------------------------|
| 08:00      | 아침 식사       | -              | -            | 15분         | 🔍 네이버 지도에서 '수원 맛집' 검색을 추천드려요. |
| 09:30      | 수원화성 주변 산책 | 24시간 개방    | 무료         | -            | 화성 주변의 아름다운 경치를 즐기며 산책.  |
| 11:30      | 점심 식사       | -              | -            | 15분         | 🔍 네이버 지도에서 '수원 맛집' 검색을 추천드려요. |
| 13:00      | 수원시립미술관   | 10:00 - 18:00  | 무료         | 20분         | 다양한 전시와 문화 체험이 가능.           |
| 15:00      | 여행 마무리      | -              | -            | -            | 수원에서의 힐링 여행 종료.                |

### 📌 여행 전 꼭 확인하세요
- 수원화성, 화성행궁, 수원박물관, 수원시립미술관의 개장시간 및 입장료를 반드시 확인하세요.
- 휴무일 정보는 각 장소의 공식 웹사이트나 네이버 검색을 통해 확인하시기 바랍니다.

즐거운 여행 되세요!

### 지도/블로그 링크
**카카오맵**
- 수원화성: [카카오맵에서 보기](http://place.map.kakao.com/17985162) - 경기 수원시 장안구 영화동 320-2
- 부천무릉도원수목원: [카카오맵에서 보기](http://place.map.kakao.com/22676130) - 경기 부천시 원미구 춘의동 382
- 한국만화박물관: [카카오맵에서 보기](http://place.map.kakao.com/11356267) - 경기 부천시 원미구 길주로 1
- 행주산성 역사공원: [카카오맵에서 보기](http://place.map.kakao.com/226774064) - 경기 고양시 덕양구 행주외동 500
- 행주산성: [카카오맵에서 보기](http://place.map.kakao.com/8143171) - 경기 고양시 덕양구 행주로15번길 89

**네이버 블로그**
- [수원 별마당도서관 옥상공원 방문 후기 , 수원화성 4월 봄 여행 ...](https://blog.naver.com/daily_ian/224260767852) - Daily_ian · 20260422
- [4월 가족 여행 수원화성 ... 나들이 by 술술풀리는히스토리 후기](https://blog.naver.com/eunyoung1122/224257992503) - 잠시 기록 · 20260419
- [부천 무릉도원수목원 튤립 만개 후기 , 서울 근교 봄꽃 명소...](https://blog.naver.com/wodbs0129/224258069748) - 『찰떡밥의 찰떡콩떡 쫀쫀한 여행블로그』 · 20260420
- [부천 무릉도원수목원 5월 경기도 가족 여행 추천](https://blog.naver.com/gina171/224271934527) - 레몬코크의 지구별 여행 · 20260501",2026-05-25 19:53:52.441204
1182,user,경기도 광주 1박2일 여행지,2026-05-25 20:01:04.752066
1182,assistant,"자연/힐링 취향을 가진 경기도 여행자들이 많이 찾는 코스입니다. 다음은 경기도 광주에서의 1박 2일 여행 일정입니다.

### 1일차
| 시간       | 장소             | 개장시간       | 입장료       | 이동시간     | 비고                                      |
|------------|------------------|----------------|--------------|--------------|-------------------------------------------|
| 09:00      | 화담숲           | 09:00 - 18:00  | 성인 9,000원 | -            | 아름다운 수목원에서 자연을 만끽하세요.   |
| 11:30      | 점심 식사       | -              | -            | 5분          | 🔍 근처 '번지없는주막' (약 192m) 추천. [카카오맵](http://place.map.kakao.com/974426510) |
| 13:00      | 남한산성         | 09:00 - 18:00  | 무료         | 20분         | 역사와 자연을 함께 느낄 수 있는 곳.     |
| 15:00      | 경기도자박물관   | 10:00 - 17:00  | 무료         | 30분         | 도자기 전시와 다양한 체험이 가능.       |
| 17:00      | 숙소 체크인      | -              | -            | 15분         | 편안한 숙소에서 휴식.                     |
| 19:00      | 저녁 식사       | -              | -            | 15분         | 🔍 근처 '곤지암리조트 느티나무셀프BBQ' (약 513m) 추천. [카카오맵](http://place.map.kakao.com/1888365862) |

### 2일차
| 시간       | 장소             | 개장시간       | 입장료       | 이동시간     | 비고                                      |
|------------|------------------|----------------|--------------|--------------|-------------------------------------------|
| 08:00      | 아침 식사       | -              | -            | 15분         | 🔍 근처 '번지없는주막' 추천. [카카오맵](http://place.map.kakao.com/974426510) |
| 09:30      | 팔당물안개공원   | 24시간 개방    | 무료         | 30분         | 아름다운 물안개를 즐기며 산책.          |
| 12:00      | 점심 식사       | -              | -            | 20분         | 🔍 네이버 지도에서 '광주 맛집' 검색을 추천드립니다. |
| 13:30      | 재인폭포         | 24시간 개방    | 무료         | 40분         | 자연 속에서 힐링과 경치를 즐길 수 있는 곳. |
| 15:30      | 여행 마무리      | -              | -            | -            | 광주에서의 힐링 여행 종료.                |

### 📌 여행 전 꼭 확인하세요
- 화담숲, 남한산성, 경기도자박물관, 재인폭포의 개장시간 및 입장료를 반드시 확인하세요.
- 휴무일 정보는 각 장소의 공식 웹사이트나 네이버 검색을 통해 확인하시기 바랍니다.

즐거운 여행 되세요!",2026-05-25 20:01:04.752076
1182,user,용일 당일치기 놀거 추천해줘,2026-05-25 20:08:53.054690
1182,assistant,"자연/힐링 취향을 가진 경기도 여행자들이 많이 찾는 코스입니다. 다음은 경기도 광주에서의 당일치기 여행 일정입니다.

### 당일치기 여행 일정
| 시간       | 장소             | 개장시간       | 입장료       | 이동시간     | 비고                                      |
|------------|------------------|----------------|--------------|--------------|-------------------------------------------|
| 09:00      | 화담숲           | 09:00 - 18:00  | 성인 9,000원 | -            | 아름다운 수목원에서 자연을 만끽하세요.   |
| 11:30      | 점심 식사       | -              | -            | 5분          | 🔍 근처 '번지없는주막' (약 192m) 추천. [카카오맵](http://place.map.kakao.com/974426510) |
| 13:00      | 남한산성         | 09:00 - 18:00  | 무료         | 20분         | 역사와 자연을 함께 느낄 수 있는 곳.     |
| 15:00      | 경기도자박물관   | 10:00 - 17:00  | 무료         | 30분         | 도자기 전시와 다양한 체험이 가능.       |
| 17:00      | 팔당물안개공원   | 24시간 개방    | 무료         | 30분         | 아름다운 물안개를 즐기며 산책.          |
| 19:00      | 저녁 식사       | -              | -            | 15분         | 🔍 근처 '곤지암리조트 느티나무셀프BBQ' (약 513m) 추천. [카카오맵](http://place.map.kakao.com/1888365862) |

### 📌 여행 전 꼭 확인하세요
- 화담숲, 남한산성, 경기도자박물관의 개장시간 및 입장료를 반드시 확인하세요.
- 휴무일 정보는 각 장소의 공식 웹사이트나 네이버 검색을 통해 확인하시기 바랍니다.

즐거운 여행 되세요!",2026-05-25 20:08:53.054701
1182,user,용인 당일치기 놀거 추천,2026-05-25 20:09:42.609491
1182,assistant,"자연/힐링 취향을 가진 경기도 여행자들이 많이 찾는 코스입니다. 다음은 경기도 용인에서의 당일치기 여행 일정입니다.

### 당일치기 여행 일정
| 시간       | 장소             | 개장시간       | 입장료       | 이동시간     | 비고                                      |
|------------|------------------|----------------|--------------|--------------|-------------------------------------------|
| 09:00      | 에버랜드         | 10:00 - 18:00  | 성인 59,000원 | -            | 다양한 놀이기구와 자연을 즐길 수 있는 테마파크. |
| 12:30      | 점심 식사       | -              | -            | 5분          | 🔍 '오오츄' (약 64m) 추천. 간식으로 간단히 즐길 수 있습니다. [카카오맵](http://place.map.kakao.com/1942083802) |
| 13:30      | 부천무릉도원수목원 | 09:00 - 18:00  | 성인 5,000원 | 1시간 8분    | 아름다운 자연 속에서 산책.               |
| 15:30      | 한국만화박물관   | 10:00 - 18:00  | 무료         | 26분         | 만화와 관련된 다양한 전시를 관람할 수 있습니다. |
| 17:30      | 재인폭포         | 24시간 개방    | 무료         | 1시간 10분   | 자연 속에서 힐링하며 경치를 감상하세요.   |
| 19:00      | 저녁 식사       | -              | -            | 15분         | 🔍 '정이네뜰' (약 114m) 추천. [카카오맵](http://place.map.kakao.com/1032062806) |

### 📌 여행 전 꼭 확인하세요
- 에버랜드, 부천무릉도원수목원, 한국만화박물관, 재인폭포의 개장시간 및 입장료를 반드시 확인하세요.
- 휴무일 정보는 각 장소의 공식 웹사이트나 네이버 검색을 통해 확인하시기 바랍니다.

즐거운 여행 되세요!",2026-05-25 20:09:42.609495
1182,user,용인 1박2일 놀거리 추처,2026-05-25 20:10:28.599385
1182,assistant,"자연/힐링 취향을 가진 경기도 여행자들이 많이 찾는 코스입니다. 다음은 경기도 용인에서의 1박 2일 여행 일정입니다.

### 1일차
| 시간       | 장소             | 개장시간       | 입장료       | 이동시간     | 비고                                      |
|------------|------------------|----------------|--------------|--------------|-------------------------------------------|
| 09:00      | 에버랜드         | 10:00 - 18:00  | 성인 59,000원 | -            | 다양한 놀이기구와 자연을 즐길 수 있는 테마파크. |
| 12:30      | 점심 식사       | -              | -            | 5분          | 🔍 '오오츄' (약 64m) 추천. 간식으로 간단히 즐길 수 있습니다. [카카오맵](http://place.map.kakao.com/1942083802) |
| 13:30      | 부천무릉도원수목원 | 09:00 - 18:00  | 성인 5,000원 | 1시간 8분    | 아름다운 자연 속에서 산책.               |
| 15:30      | 한국만화박물관   | 10:00 - 18:00  | 무료         | 26분         | 만화와 관련된 다양한 전시를 관람할 수 있습니다. |
| 17:30      | 숙소 체크인      | -              | -            | 15분         | 편안한 숙소에서 휴식.                     |
| 19:00      | 저녁 식사       | -              | -            | 15분         | 🔍 '정이네뜰' (약 114m) 추천. [카카오맵](http://place.map.kakao.com/1032062806) |

### 2일차
| 시간       | 장소             | 개장시간       | 입장료       | 이동시간     | 비고                                      |
|------------|------------------|----------------|--------------|--------------|-------------------------------------------|
| 08:00      | 아침 식사       | -              | -            | 15분         | 🍽️ 근처 '정이네뜰' 추천. [카카오맵](http://place.map.kakao.com/1032062806) |
| 09:30      | 재인폭포         | 24시간 개방    | 무료         | 40분         | 자연 속에서 힐링과 경치를 즐길 수 있는 곳. |
| 12:00      | 점심 식사       | -              | -            | 20분         | 🔍 '곤지암리조트 느티나무셀프BBQ' 추천. [카카오맵](http://place.map.kakao.com/1888365862) |
| 13:30      | 한국민속촌       | 09:00 - 18:00  | 성인 15,000원 | 30분         | 전통 한국 문화를 체험할 수 있는 테마파크. |
| 17:00      | 여행 마무리      | -              | -            | -            | 용인에서의 힐링 여행 종료.                |

### 📌 여행 전 꼭 확인하세요
- 에버랜드, 부천무릉도원수목원, 한국만화박물관, 재인폭포, 한국민속촌의 개장시간 및 입장료를 반드시 확인하세요.
- 휴무일 정보는 각 장소의 공식 웹사이트나 네이버 검색을 통해 확인하시기 바랍니다.

즐거운 여행 되세요!",2026-05-25 20:10:28.599396
